{
  "X": [
    -0.3793521653708,
    1.696363946463,
    -0.7521516640163
  ],
  "Y": [
    -1.463366472005,
    -1.235356551405,
    -1.150392959552
  ],
  "label": [
    "Porsche",
    "Nike athletic shoes",
    "/images/apple.jpg"
  ],
  "hiddenlabel.pts": [],
  "vb": {
    "width": 714,
    "height": 420,
    "x": 0,
    "y": 0
  },
  "userPositionedLabs": [
    {
      "id": 0,
      "x": 0.2599800127904508,
      "y": 0.7950715776635361
    }
  ]
}
