{
  "X": [
    -0.3793521653708,
    1.696363946463,
    -0.7521516640163
  ],
  "Y": [
    -1.463366472005,
    -1.235356551405,
    -1.150392959552
  ],
  "label": [
    "Porsche",
    "Nike athletic shoes",
    "/images/apple.jpg"
  ],
  "hiddenlabel.pts": [],
  "legend.pts": [
    0
  ],
  "userPositionedLabs": [
    {
      "id": 0,
      "x": -0.1870402261248606,
      "y": -1.2518233388344666
    }
  ],
  "vb": {
    "width": 714,
    "height": 420,
    "x": 0,
    "y": 0
  }
}