{
  "X": [
    5,
    3,
    3,
    4,
    4,
    1.2
  ],
  "Y": [
    6,
    3,
    4,
    3,
    4,
    1.2
  ],
  "label": [
    "5,6",
    "3,3",
    "3,4",
    "4,3",
    "4,4",
    "1.2,1.2"
  ],
  "hiddenlabel.pts": [],
  "vb": {
    "width": 462,
    "height": 525,
    "x": 0,
    "y": 0
  },
  "userPositionedLabs": [
    {
      "id": 2,
      "x": 5.597402597402597,
      "y": 2.031036196522117
    }
  ]
}