{
  "X": [
    5,
    3,
    3,
    4,
    4,
    1.2
  ],
  "Y": [
    6,
    3,
    4,
    3,
    4,
    1.2
  ],
  "label": [
    "5,6",
    "3,3",
    "3,4",
    "4,3",
    "4,4",
    "1.2,1.2"
  ],
  "hiddenlabel.pts": [],
  "vb": {
    "width": 432,
    "height": 420,
    "x": 0,
    "y": 0
  },
  "userPositionedLabs": [
    {
      "id": 2,
      "x": 5.777777777777778,
      "y": 1.5387952456526466
    }
  ]
}