{
    "X": [
      2,
      2,
      3,
      3
    ],
    "Y": [
      2,
      3,
      2,
      3
    ],
    "label": [
      "2,2",
      "2,3",
      "3,2",
      "3,3"
    ],
    "hiddenlabel.pts": [],
    "quadrantTitle0": {
      "ax": 2.253796594569719,
      "ay": 2.477847276518113
    }
}
